[{
    "pk": 1,
    "model": "core.externalrecordlabel",
    "fields": {
        "modified": "2013-12-05T15:17:16.100",
        "created": "2013-12-05T15:17:16.100",
        "label": ""
    }
}, {
    "pk": 2,
    "model": "core.externalrecordlabel",
    "fields": {
        "label": "SSN",
        "modified": "2016-01-12T12:41:04.167",
        "created": "2016-01-12T12:41:04.167"
    }
},
{
  "pk": 1,
  "model": "sites.site",
  "fields": {
    "domain": "example.com",
    "name": "example.com"
  }
},
{
    "pk": 1,
    "model": "auth.user",
    "fields": {
        "username": "admin",
        "first_name": "",
        "last_name": "",
        "is_active": true,
        "is_superuser": true,
        "is_staff": true,
        "last_login": "2014-01-27T16:22:38.537",
        "groups": [],
        "user_permissions": [],
        "password": "pbkdf2_sha256$10000$fe8KOhXyKFJt$nB8tFGivcvxNQJOdzk1igm4iA4dA00k4KB6bYYDBRfA=",
        "email": "admin@email.chop.edu",
        "date_joined": "2014-01-27T16:22:15.193"
    }
}, {
    "pk": 1,
    "model": "api.apitoken",
    "fields": {
        "token": "680b8740f60ec65af0163ee7c7959bde",
        "created": "2015-09-28T15:19:01.575",
        "user": 1,
        "modified": "2015-09-28T15:19:01.575",
        "revoked": false
    }
}, {
    "pk": 1,
    "model": "core.organization",
    "fields": {
        "subject_id_label": "Record ID",
        "modified": "2015-09-29T12:01:11.191",
        "name": "Amazing Children's Hospital",
        "created": "2015-09-29T12:01:11.191"
    }
}, {
    "pk": 1,
    "model": "core.subject",
    "fields": {
        "first_name": "1cb8732a09cd99f685ee72e65ed302e0eab5382b",
        "last_name": "05f3ece52ac8d5fc36044e1032feb6f4082ca464",
        "created": "2015-09-29T12:09:05.202",
        "dob": "64472c8cdd896c18f671a61c605f898d67edfad9",
        "modified": "2015-09-29T12:09:05.202",
        "organization_subject_id": "62b8609c0c55f17c34c7181b2cdab8aa50d2b636",
        "organization": 1
    }
}, {
    "pk": 1,
    "model": "core.groupehbkey",
    "fields": {
        "modified": "2015-09-29T12:01:41.687",
        "key": "MKDKB9W48SLSFM4A",
        "created": "2015-09-29T12:01:41.687"
    }
}, {
    "pk": 2,
    "model": "core.groupehbkey",
    "fields": {
        "modified": "2015-09-29T12:09:05.245",
        "key": "S891XSB0XD1NKRPF",
        "created": "2015-09-29T12:09:05.245"
    }
}, {
    "pk": 1,
    "model": "core.group",
    "fields": {
        "ehb_key": 1,
        "name": "BRP:M0536B4E2DDLA7W6",
        "created": "2015-09-29T12:01:41.692",
        "description": "A BRP Protocol Group",
        "modified": "2015-09-29T12:01:41.692",
        "is_locking": true,
        "client_key": "$sha256$7JO5ZNRMQ5TK$d0408e9f33467eebc3ef84a85acdcc2cfce54b2f581be98301cdb236886dac42"
    }
}, {
    "pk": 2,
    "model": "core.group",
    "fields": {
        "ehb_key": 2,
        "name": "BRP:M0536B4E2DDLA7W6:C381K1T9G5SCOS5Z:42424242",
        "created": "2015-09-29T12:09:05.249",
        "description": "A BRP Protocol Subject Record Group",
        "modified": "2015-09-29T12:09:05.249",
        "is_locking": true,
        "client_key": "$sha256$IFSRK83EPWCV$a3cb0de87907fc399852d6104da187b1030d4f362f52539c905490b4989b5420"
    }
}, {
    "pk": 3,
    "model": "core.group",
    "fields": {
        "ehb_key": 3,
        "name": "BRP:Z000000001111111",
        "created": "2015-09-29T12:09:05.249",
        "description": "A BRP Protocol Subject Record Group",
        "modified": "2015-09-29T12:09:05.249",
        "is_locking": true,
        "client_key": "$sha256$IFSRK83EPWCV$a3cb0de87907fc399852d6104da187b1030d4f362f52539c905490b4989b5420"
    }
}, {
    "pk": 1,
    "model": "core.subjectgroup",
    "fields": {
        "subjects": [1],
        "group": 1,
        "modified": "2015-09-29T12:09:05.270",
        "created": "2015-09-29T12:09:05.270"
    }
}, {
    "pk": 1,
    "model": "core.externalsystem",
    "fields": {
        "url": "https://redcap.chop.edu/api/",
        "description": "CHOP's REDCap Instance",
        "modified": "2015-09-29T12:03:50.196",
        "name": "REDCap",
        "created": "2015-09-29T12:03:50.196"
    }
}, {
    "pk": 2,
    "model": "core.externalsystem",
    "fields": {
        "url": "https://example.com/api/",
        "description": "Laboratory Information Management System",
        "modified": "2016-01-10T11:29:58.980",
        "name": "LIMS",
        "created": "2016-01-10T11:29:58.980"
    }
}, {
    "pk": 3,
    "model": "core.externalsystem",
    "fields": {
        "url": "http://example.com/noop/",
        "description": "Placeholder for external IDs",
        "modified": "2016-01-10T15:35:41.311",
        "name": "External Identifiers",
        "created": "2016-01-10T15:35:41.311"
    }
}, {
    "pk": 1,
    "model": "core.externalrecord",
    "fields": {
        "created": "2015-09-29T13:51:16.189",
        "modified": "2015-09-29T13:51:16.190",
        "label": 1,
        "record_id": "S891XSB0XD1NKRPF:I5CPQ07I5",
        "path": "Demo",
        "external_system": 1,
        "subject": 1
    }
}, {
    "pk": 2,
    "model": "core.externalrecord",
    "fields": {
        "created": "2015-09-29T13:51:16.189",
        "modified": "2015-09-29T13:51:16.190",
        "label": 1,
        "record_id": "S891XSB0XD1NKRPF:XM5VUKTNY",
        "path": "Demo",
        "external_system": 1,
        "subject": 1
    }
}, {
    "pk": 1,
    "model": "core.relation",
    "fields": {
        "typ": "familial",
        "desc": "Parent of",
        "created": "2015-09-29T13:51:16.189",
        "modified": "2015-09-29T13:51:16.190"
    }
}, {
    "pk": 2,
    "model": "core.relation",
    "fields": {
        "typ": "diagnosis",
        "desc": "Associated Diagnosis",
        "created": "2015-09-29T13:51:16.189",
        "modified": "2015-09-29T13:51:16.190"
    }
}, {
    "pk": 1,
    "model": "core.externalrecordrelation",
    "fields": {
        "external_record": 1,
        "related_record": 2,
        "created": "2015-09-29T13:51:16.189",
        "modified": "2015-09-29T13:51:16.190",
        "relation_type": 1
    }
}]
